product_category,orders,revenue,profit,avg_order_value,profit_margin
Automotive,20561,13350204.75830841,5058479.489882246,593.1842512355998,37.89065097847383
Baby & Kids,19375,7964047.991821289,3861445.7501454,377.90870227869834,48.485967865976285
Beauty & Personal Care,21139,3864779.8199472427,1979176.1904654764,166.99562804939907,51.21058074900871
Books & Media,21899,2308653.319700241,1175063.3798531033,95.98591883004495,50.898217147894485
Electronics,19899,33486763.019195557,10911604.348654803,1545.0199787392985,32.58482864527683
Fashion,17562,6088271.831003189,2931407.1495772507,321.36562845094693,48.14842751681525
Grocery,19966,2445831.589533329,1323088.0598649587,112.45202710498064,54.095632157462134
Health & Wellness,21766,7522138.020970345,3374175.8296210226,313.331029323545,44.8566061964622
Home & Kitchen,17860,8954936.186443329,4126378.6791288573,464.8775469264044,46.07937558924972
Home Appliances,19918,20295041.26197052,8097581.031456575,934.6954019237563,39.899308047380394
Jewelry,17734,20795540.75919342,8146113.527881175,1087.4053942268051,39.172405383494976
Office Supplies,20415,7235943.5698452,3650995.689748181,324.27819171126646,50.456386986808525
Pet Supplies,18897,5206537.179800987,2582909.060203038,253.69279246703636,49.608962175926806
Sports & Outdoors,22816,12799207.120586395,5704263.430660784,508.30846388349465,44.56731871684442
Toys & Games,19981,4478318.209382057,2241403.630338408,205.805064769396,50.0501198338849
