order_date,revenue,profit,orders,profit_margin
2021-01-01,1997016.5104866028,934359.0702190399,1592,46.78774889003644
2021-02-01,1531619.9688596725,710644.1109046936,1285,46.39820094757481
2021-03-01,2301527.560195923,1067744.731994629,1820,46.39287186740161
2021-04-01,2018898.2071208954,947983.0708355904,1609,46.955466476315685
2021-05-01,2001701.651181221,938230.0406036377,1709,46.87162245432431
2021-06-01,2208100.7312898636,1039258.9298171997,1839,47.06573912550248
2021-07-01,2408547.539059639,907148.7398028374,1684,37.6637257555237
2021-08-01,2684753.5868225098,1252457.8311605453,2076,46.65075548489605
2021-09-01,2231491.7797441483,975267.4006347656,1774,43.70472746023671
2021-10-01,2464262.440850258,1141359.9814486504,1918,46.316494644736004
2021-11-01,3460900.399377823,1010378.0793983638,2584,29.194081389340266
2021-12-01,3994850.1203842163,1196664.7509577125,2945,29.955185173320594
2022-01-01,1999445.6441936493,939020.7286629677,1574,46.96405383111391
2022-02-01,1683886.761045456,793288.8902139664,1349,47.1105841892507
2022-03-01,2172437.872467041,1009009.6610212326,1732,46.445961645632316
2022-04-01,2032015.0471086502,955180.6795554161,1658,47.00657511933982
2022-05-01,2058758.8185749054,971191.5097398758,1674,47.17364175819996
2022-06-01,2194009.100549698,1019443.7690477371,1790,46.46488334037998
2022-07-01,2235539.769996643,850347.8605265617,1656,38.03769773810996
2022-08-01,2320508.3786916733,1091887.9798543453,1906,47.05382621673459
2022-09-01,2194675.490989685,961008.3101184368,1736,43.788173425360114
2022-10-01,2382827.6815719604,1115090.6395378113,1920,46.79694835516523
2022-11-01,3650125.7280540466,1062356.5506589115,2709,29.104656381939876
2022-12-01,3784571.2595148087,1119636.9901494775,2955,29.58424913613643
2023-01-01,1989684.4710216522,926857.1296887398,1576,46.583121253030754
2023-02-01,1647959.3497114182,757368.8197183609,1311,45.957979476313376
2023-03-01,2196996.1606674194,1030080.0980639458,1791,46.88583969810036
2023-04-01,2000068.3199586868,939657.8204202652,1670,46.98128614124914
2023-05-01,2088238.4910297394,972278.5195598602,1695,46.55974515058461
2023-06-01,2249449.7303295135,1042883.3003110886,1762,46.36170732111984
2023-07-01,2249271.227455139,865184.4189071655,1670,38.46509964412112
2023-08-01,2476446.318572998,1149857.4985666275,2028,46.43175545308043
2023-09-01,2217768.919216156,961174.0592274666,1788,43.33968480211104
2023-10-01,2434804.058681488,1132871.5603399277,1924,46.52824346585852
2023-11-01,3558350.049051285,1047347.8900519311,2622,29.433526089744078
2023-12-01,3810968.0091934204,1120736.2103095725,2885,29.40817680982772
2024-01-01,2035109.0685710907,948572.8991885185,1614,46.610420730646105
2024-02-01,1697175.34917593,784732.5785639286,1315,46.237566374326526
2024-03-01,2232392.738550186,1038097.18962574,1794,46.50154839241799
2024-04-01,2141142.858101845,1004038.3304510117,1726,46.89263617566867
2024-05-01,2115341.567554474,996099.1008315086,1682,47.08927939155893
2024-06-01,2148703.3621587753,1011195.3305466175,1810,47.06072268303626
2024-07-01,2306970.348016739,861913.1884512901,1668,37.361259939567994
2024-08-01,2237870.243833542,1047311.7403736115,1918,46.799484610847394
2024-09-01,2188532.059197426,956213.2798213959,1773,43.69199326109285
2024-10-01,2418049.0531520844,1136128.1096863747,1911,46.9853210051863
2024-11-01,3536214.0109233856,1069352.5794638991,2659,30.240041359506602
2024-12-01,3632063.3689022064,1074007.159174621,2800,29.570165773270652
2025-01-01,1960604.3678941727,912339.4197220802,1611,46.53358090301498
2025-02-01,1637147.5722675323,768102.0600099564,1354,46.917093670798174
2025-03-01,2251120.870903015,1047560.3690414429,1782,46.535056494821816
2025-04-01,2042133.6200494766,959845.5296435356,1652,47.002092332248104
2025-05-01,1994744.909450531,934323.0598716736,1648,46.83922517837334
2025-06-01,2094037.58902359,982886.3297476768,1729,46.93737757620569
2025-07-01,2334334.8011779785,900068.0502109528,1737,38.557795983538874
2025-08-01,2451824.760482788,1144983.3303909302,1962,46.69923188823135
2025-09-01,2274854.367658615,995168.0206341743,1833,43.74644965332208
2025-10-01,2284572.081102371,1066024.2607645988,1898,46.66187902682466
2025-11-01,3565834.8909311295,1050195.610697141,2630,29.451605102862978
2025-12-01,3682587.4832935333,1114053.8709372208,2837,30.25193226206437
